Changes made at Sat Aug  9 05:58:18 UTC 2025
Changes made at Thu Nov 20 14:07:22 UTC 2025
Changes made at Thu Nov 20 16:10:58 UTC 2025
Changes made at Fri Nov 21 08:13:10 UTC 2025
Changes made at Fri Nov 21 10:00:53 UTC 2025
Changes made at Fri Nov 21 14:01:13 UTC 2025
Changes made at Fri Nov 21 16:01:05 UTC 2025
Changes made at Sat Nov 22 08:00:57 UTC 2025
Changes made at Sat Nov 22 10:01:03 UTC 2025
Changes made at Sat Nov 22 14:00:54 UTC 2025
Changes made at Sat Nov 22 16:00:51 UTC 2025
Changes made at Sun Nov 23 08:00:55 UTC 2025
Changes made at Sun Nov 23 10:01:03 UTC 2025
Changes made at Sun Nov 23 14:00:48 UTC 2025
Changes made at Sun Nov 23 16:01:19 UTC 2025
Changes made at Mon Nov 24 08:13:49 UTC 2025
